{"cameraMode":{"drawMode":0,"name":"Shaded","section":"Shading Mode"},"sceneLighting":true,"audioPlay":false,"sceneViewState":{"showFog":true,"showMaterialUpdate":false,"showSkybox":true,"showFlares":true,"showImageEffects":true,"showParticleSystems":true},"in2DMode":false,"pivot":{"x":-228.76473999023438,"y":-38.993289947509769,"z":22.137691497802736},"rotation":{"x":0.32025620341300967,"y":-0.3088589012622833,"z":0.11130371689796448,"w":0.8886418342590332},"size":607.2796020507813,"orthographic":false}