{"cameraMode":{"drawMode":0,"name":"Shaded","section":"Shading Mode"},"sceneLighting":true,"audioPlay":false,"sceneViewState":{"showFog":true,"showMaterialUpdate":false,"showSkybox":true,"showFlares":true,"showImageEffects":true,"showParticleSystems":true},"in2DMode":false,"pivot":{"x":-36.935943603515628,"y":-4.331795692443848,"z":1.2443740367889405},"rotation":{"x":0.028486473485827447,"y":0.02608906663954258,"z":-0.0007448686519637704,"w":0.999256432056427},"size":1.5247836112976075,"orthographic":false}