{"cameraMode":{"drawMode":1,"name":"Wireframe","section":"Shading Mode"},"sceneLighting":true,"audioPlay":false,"sceneViewState":{"showFog":true,"showMaterialUpdate":false,"showSkybox":true,"showFlares":true,"showImageEffects":true,"showParticleSystems":true},"in2DMode":false,"pivot":{"x":-0.41822272539138796,"y":-0.4249407649040222,"z":1.007522463798523},"rotation":{"x":0.19067694246768952,"y":-0.16699129343032838,"z":0.030624300241470338,"w":0.96703040599823},"size":1.070007562637329,"orthographic":false}