{"cameraMode":{"drawMode":1,"name":"Wireframe","section":"Shading Mode"},"sceneLighting":true,"audioPlay":false,"sceneViewState":{"showFog":true,"showMaterialUpdate":false,"showSkybox":true,"showFlares":true,"showImageEffects":true,"showParticleSystems":true},"in2DMode":false,"pivot":{"x":-242.19073486328126,"y":-121.87188720703125,"z":138.3457489013672},"rotation":{"x":-0.168236643075943,"y":0.48981043696403506,"z":-0.09719537943601608,"w":-0.8501349091529846},"size":353.6728210449219,"orthographic":false}