{"cameraMode":{"drawMode":1,"name":"Wireframe","section":"Shading Mode"},"sceneLighting":false,"audioPlay":false,"sceneViewState":{"showFog":true,"showMaterialUpdate":false,"showSkybox":false,"showFlares":true,"showImageEffects":true,"showParticleSystems":true},"in2DMode":false,"pivot":{"x":1904.0,"y":18.669113159179689,"z":3.053682804107666},"rotation":{"x":-0.168236643075943,"y":0.48981043696403506,"z":-0.09719537943601608,"w":-0.8501349091529846},"size":0.11731432378292084,"orthographic":false}