{"cameraMode":{"drawMode":0,"name":"Shaded","section":"Shading Mode"},"sceneLighting":true,"audioPlay":false,"sceneViewState":{"showFog":true,"showMaterialUpdate":true,"showSkybox":true,"showFlares":true,"showImageEffects":true,"showParticleSystems":true},"in2DMode":false,"pivot":{"x":-0.5906215906143189,"y":0.18783017992973329,"z":-0.08686035871505737},"rotation":{"x":-0.055258288979530337,"y":0.9443190097808838,"z":-0.24344901740550996,"w":-0.21434228122234345},"size":0.1280437707901001,"orthographic":false}