{"cameraMode":{"drawMode":1,"name":"Wireframe","section":"Shading Mode"},"sceneLighting":true,"audioPlay":false,"sceneViewState":{"showFog":true,"showMaterialUpdate":false,"showSkybox":true,"showFlares":true,"showImageEffects":true,"showParticleSystems":true},"in2DMode":false,"pivot":{"x":-1817.513427734375,"y":-46.30580139160156,"z":142.35987854003907},"rotation":{"x":-0.1519378274679184,"y":0.5907132625579834,"z":-0.11448092013597489,"w":-0.7841895222663879},"size":52.50922775268555,"orthographic":false}