{"cameraMode":{"drawMode":1,"name":"Wireframe","section":"Shading Mode"},"sceneLighting":true,"audioPlay":false,"sceneViewState":{"showFog":true,"showMaterialUpdate":false,"showSkybox":true,"showFlares":true,"showImageEffects":true,"showParticleSystems":true},"in2DMode":false,"pivot":{"x":-2.583387851715088,"y":-2.77453351020813,"z":6.240538597106934},"rotation":{"x":0.11774417012929917,"y":-0.4876483082771301,"z":0.06383875012397766,"w":0.8629090785980225},"size":0.07638448476791382,"orthographic":false}