{"cameraMode":{"drawMode":0,"name":"Shaded","section":"Shading Mode"},"sceneLighting":false,"audioPlay":false,"sceneViewState":{"showFog":true,"showMaterialUpdate":true,"showSkybox":true,"showFlares":true,"showImageEffects":true,"showParticleSystems":true},"in2DMode":false,"pivot":{"x":-0.3945813477039337,"y":0.5312550663948059,"z":1000.35009765625},"rotation":{"x":-0.13131484389305116,"y":0.5318453311920166,"z":-0.08380816131830216,"w":-0.8325368762016296},"size":8.420516967773438,"orthographic":false}