{"cameraMode":{"drawMode":1,"name":"Wireframe","section":"Shading Mode"},"sceneLighting":true,"audioPlay":false,"sceneViewState":{"showFog":true,"showMaterialUpdate":false,"showSkybox":true,"showFlares":true,"showImageEffects":true,"showParticleSystems":true},"in2DMode":false,"pivot":{"x":31.265117645263673,"y":-2.0392816066741945,"z":15.126733779907227},"rotation":{"x":-0.2247675061225891,"y":-0.18276886641979218,"z":0.04314051941037178,"w":-0.9562322497367859},"size":3.07127046585083,"orthographic":false}