{"cameraMode":{"drawMode":1,"name":"Wireframe","section":"Shading Mode"},"sceneLighting":true,"audioPlay":false,"sceneViewState":{"showFog":true,"showMaterialUpdate":false,"showSkybox":true,"showFlares":true,"showImageEffects":true,"showParticleSystems":true},"in2DMode":false,"pivot":{"x":3.0724105834960939,"y":4.257564067840576,"z":-1.089202642440796},"rotation":{"x":-0.10343209654092789,"y":-0.2832016050815582,"z":-0.03285117819905281,"w":0.9530605673789978},"size":15.640654563903809,"orthographic":false}