{"cameraMode":{"drawMode":0,"name":"Shaded","section":"Shading Mode"},"sceneLighting":true,"audioPlay":false,"sceneViewState":{"showFog":true,"showMaterialUpdate":true,"showSkybox":true,"showFlares":true,"showImageEffects":true,"showParticleSystems":true},"in2DMode":false,"pivot":{"x":1903.8515625,"y":18.37457847595215,"z":3.090106964111328},"rotation":{"x":0.014650761149823666,"y":-0.4598516821861267,"z":0.007588252890855074,"w":0.8878436088562012},"size":1.0177791118621827,"orthographic":false}