{"cameraMode":{"drawMode":0,"name":"Shaded","section":"Shading Mode"},"sceneLighting":true,"audioPlay":false,"sceneViewState":{"showFog":true,"showMaterialUpdate":false,"showSkybox":true,"showFlares":true,"showImageEffects":true,"showParticleSystems":true},"in2DMode":false,"pivot":{"x":-73951.1953125,"y":-32031.767578125,"z":-10267.392578125},"rotation":{"x":0.14925985038280488,"y":-0.7392057180404663,"z":0.17213791608810426,"w":0.6340733170509338},"size":39453.0078125,"orthographic":false}