{"cameraMode":{"drawMode":0,"name":"Shaded","section":"Shading Mode"},"sceneLighting":true,"audioPlay":false,"sceneViewState":{"showFog":true,"showMaterialUpdate":false,"showSkybox":true,"showFlares":true,"showImageEffects":true,"showParticleSystems":true},"in2DMode":false,"pivot":{"x":-133.6171112060547,"y":116.20918273925781,"z":893.059326171875},"rotation":{"x":-0.1573406606912613,"y":0.8359021544456482,"z":-0.30921894311904909,"w":-0.4253466725349426},"size":457.0133361816406,"orthographic":false}