{"cameraMode":{"drawMode":0,"name":"Shaded","section":"Shading Mode"},"sceneLighting":true,"audioPlay":false,"sceneViewState":{"showFog":true,"showMaterialUpdate":true,"showSkybox":true,"showFlares":true,"showImageEffects":true,"showParticleSystems":true},"in2DMode":false,"pivot":{"x":-0.3945813477039337,"y":0.5312550663948059,"z":1000.35009765625},"rotation":{"x":-0.09779555350542069,"y":0.6985276341438294,"z":-0.09733448922634125,"w":-0.7023768424987793},"size":6.087912559509277,"orthographic":false}