{"cameraMode":{"drawMode":0,"name":"Shaded","section":"Shading Mode"},"sceneLighting":true,"audioPlay":false,"sceneViewState":{"showFog":true,"showMaterialUpdate":false,"showSkybox":true,"showFlares":true,"showImageEffects":true,"showParticleSystems":true},"in2DMode":false,"pivot":{"x":89.45565795898438,"y":43.95848846435547,"z":-0.5446145534515381},"rotation":{"x":-0.10388529300689697,"y":-0.2651711404323578,"z":0.02875407226383686,"w":-0.9581666588783264},"size":227.3192138671875,"orthographic":false}