{"cameraMode":{"drawMode":1,"name":"Wireframe","section":"Shading Mode"},"sceneLighting":true,"audioPlay":false,"sceneViewState":{"showFog":true,"showMaterialUpdate":false,"showSkybox":true,"showFlares":true,"showImageEffects":true,"showParticleSystems":true},"in2DMode":false,"pivot":{"x":20.87275505065918,"y":-34.378536224365237,"z":-0.3521537780761719},"rotation":{"x":-0.0182099137455225,"y":-0.2858249545097351,"z":-0.006483898032456636,"w":0.9582135081291199},"size":2.1218130588531496,"orthographic":false}