{"cameraMode":{"drawMode":0,"name":"Shaded","section":"Shading Mode"},"sceneLighting":true,"audioPlay":false,"sceneViewState":{"showFog":true,"showMaterialUpdate":false,"showSkybox":true,"showFlares":true,"showImageEffects":true,"showParticleSystems":true},"in2DMode":false,"pivot":{"x":-109.5941162109375,"y":-7.2965240478515629,"z":-41.14463806152344},"rotation":{"x":-0.037045594304800037,"y":0.8715101480484009,"z":-0.06685969233512879,"w":-0.4847252666950226},"size":18.439178466796876,"orthographic":false}