{"cameraMode":{"drawMode":2,"name":"Shaded Wireframe","section":"Shading Mode"},"sceneLighting":false,"audioPlay":false,"sceneViewState":{"showFog":true,"showMaterialUpdate":false,"showSkybox":true,"showFlares":true,"showImageEffects":true,"showParticleSystems":true},"in2DMode":false,"pivot":{"x":5224.2919921875,"y":7662.6611328125,"z":-3322.521728515625},"rotation":{"x":-0.03224031999707222,"y":0.9616600275039673,"z":-0.2397323101758957,"w":-0.1293458789587021},"size":15876.3154296875,"orthographic":false}