{"cameraMode":{"drawMode":0,"name":"Shaded","section":"Shading Mode"},"sceneLighting":false,"audioPlay":false,"sceneViewState":{"showFog":true,"showMaterialUpdate":false,"showSkybox":true,"showFlares":true,"showImageEffects":true,"showParticleSystems":true},"in2DMode":false,"pivot":{"x":-8.629964828491211,"y":-156.05738830566407,"z":367.15020751953127},"rotation":{"x":-0.037015728652477267,"y":0.9499287009239197,"z":-0.12352579832077027,"w":-0.28471246361732485},"size":2337.940185546875,"orthographic":false}