{"cameraMode":{"drawMode":2,"name":"Shaded Wireframe","section":"Shading Mode"},"sceneLighting":true,"audioPlay":false,"sceneViewState":{"showFog":true,"showMaterialUpdate":false,"showSkybox":true,"showFlares":true,"showImageEffects":true,"showParticleSystems":true},"in2DMode":false,"pivot":{"x":5010.232421875,"y":11.912849426269532,"z":74.71794128417969},"rotation":{"x":0.08300384134054184,"y":-0.7551618218421936,"z":0.09750048071146012,"w":0.6429302096366882},"size":54.2642707824707,"orthographic":false}