{"cameraMode":{"drawMode":2,"name":"Shaded Wireframe","section":"Shading Mode"},"sceneLighting":true,"audioPlay":false,"sceneViewState":{"showFog":true,"showMaterialUpdate":false,"showSkybox":true,"showFlares":true,"showImageEffects":true,"showParticleSystems":true},"in2DMode":false,"pivot":{"x":2463.59619140625,"y":887.776123046875,"z":257.8009033203125},"rotation":{"x":0.1551591008901596,"y":-0.8217333555221558,"z":0.2658524215221405,"w":0.4795888662338257},"size":4085.37158203125,"orthographic":false}