{"cameraMode":{"drawMode":2,"name":"Shaded Wireframe","section":"Shading Mode"},"sceneLighting":true,"audioPlay":false,"sceneViewState":{"showFog":true,"showMaterialUpdate":false,"showSkybox":true,"showFlares":true,"showImageEffects":true,"showParticleSystems":true},"in2DMode":false,"pivot":{"x":1255.1368408203125,"y":2945.1162109375,"z":-3697.50732421875},"rotation":{"x":0.1624092161655426,"y":-0.8131818175315857,"z":0.2698392868041992,"w":0.48943284153938296},"size":10703.3515625,"orthographic":false}