{"cameraMode":{"drawMode":2,"name":"Shaded Wireframe","section":"Shading Mode"},"sceneLighting":false,"audioPlay":false,"sceneViewState":{"showFog":true,"showMaterialUpdate":false,"showSkybox":false,"showFlares":true,"showImageEffects":true,"showParticleSystems":true},"in2DMode":false,"pivot":{"x":41.74125289916992,"y":24.14820098876953,"z":3.0524234771728517},"rotation":{"x":-0.22115585207939149,"y":0.7278013825416565,"z":-0.2733737528324127,"w":-0.5887851119041443},"size":6.994884490966797,"orthographic":false}