{"cameraMode":{"drawMode":2,"name":"Shaded Wireframe","section":"Shading Mode"},"sceneLighting":true,"audioPlay":false,"sceneViewState":{"showFog":true,"showMaterialUpdate":false,"showSkybox":true,"showFlares":true,"showImageEffects":true,"showParticleSystems":true},"in2DMode":false,"pivot":{"x":-0.0012406526366248727,"y":0.006787154823541641,"z":0.03399164229631424},"rotation":{"x":0.2666833996772766,"y":-0.018793985247612,"z":0.005194144323468208,"w":0.9635971188545227},"size":0.0035543041303753855,"orthographic":false}