{"cameraMode":{"drawMode":2,"name":"Shaded Wireframe","section":"Shading Mode"},"sceneLighting":false,"audioPlay":false,"sceneViewState":{"showFog":true,"showMaterialUpdate":false,"showSkybox":true,"showFlares":true,"showImageEffects":true,"showParticleSystems":true},"in2DMode":false,"pivot":{"x":-1.5984081029891968,"y":1.2379345893859864,"z":-0.05488333851099014},"rotation":{"x":0.02014564909040928,"y":0.5588696599006653,"z":0.014123647473752499,"w":-0.8290867209434509},"size":5.624040603637695,"orthographic":false}