{"cameraMode":{"drawMode":2,"name":"Shaded Wireframe","section":"Shading Mode"},"sceneLighting":false,"audioPlay":false,"sceneViewState":{"showFog":true,"showMaterialUpdate":false,"showSkybox":true,"showFlares":true,"showImageEffects":true,"showParticleSystems":true},"in2DMode":false,"pivot":{"x":-14.06491470336914,"y":-20.187084197998048,"z":46.71686553955078},"rotation":{"x":0.15468314290046693,"y":-0.3927149474620819,"z":0.06732615828514099,"w":0.9041192531585693},"size":0.0038639979902654888,"orthographic":false}