{"cameraMode":{"drawMode":2,"name":"Shaded Wireframe","section":"Shading Mode"},"sceneLighting":true,"audioPlay":false,"sceneViewState":{"showFog":true,"showMaterialUpdate":false,"showSkybox":true,"showFlares":true,"showImageEffects":true,"showParticleSystems":true},"in2DMode":false,"pivot":{"x":1844.79248046875,"y":663.027099609375,"z":-7615.54248046875},"rotation":{"x":-0.12979595363140107,"y":0.6447322964668274,"z":-0.11232594400644303,"w":-0.7449212074279785},"size":8247.83203125,"orthographic":false}