{"cameraMode":{"drawMode":0,"name":"Shaded","section":"Shading Mode"},"sceneLighting":true,"audioPlay":false,"sceneViewState":{"showFog":true,"showMaterialUpdate":false,"showSkybox":true,"showFlares":true,"showImageEffects":true,"showParticleSystems":true},"in2DMode":false,"pivot":{"x":1903.9747314453125,"y":18.645092010498048,"z":3.0530176162719728},"rotation":{"x":0.05919324979186058,"y":-0.8595548868179321,"z":0.10233672708272934,"w":0.497180700302124},"size":0.07833029329776764,"orthographic":true}