{"cameraMode":{"drawMode":2,"name":"Shaded Wireframe","section":"Shading Mode"},"sceneLighting":false,"audioPlay":false,"sceneViewState":{"showFog":true,"showMaterialUpdate":false,"showSkybox":true,"showFlares":true,"showImageEffects":true,"showParticleSystems":true},"in2DMode":false,"pivot":{"x":16189.7958984375,"y":-7118.0771484375,"z":-35570.8828125},"rotation":{"x":-0.19499549269676209,"y":0.0496986098587513,"z":-0.009903043508529663,"w":-0.9795351028442383},"size":204.30136108398438,"orthographic":false}