{"cameraMode":{"drawMode":2,"name":"Shaded Wireframe","section":"Shading Mode"},"sceneLighting":false,"audioPlay":false,"sceneViewState":{"showFog":true,"showMaterialUpdate":false,"showSkybox":true,"showFlares":true,"showImageEffects":true,"showParticleSystems":true},"in2DMode":false,"pivot":{"x":-6.7025041580200199,"y":-2.0956034660339357,"z":-7.118253231048584},"rotation":{"x":-0.08666864782571793,"y":-0.7187910079956055,"z":0.09100773930549622,"w":-0.6838423609733582},"size":6.629757404327393,"orthographic":false}