{"cameraMode":{"drawMode":2,"name":"Shaded Wireframe","section":"Shading Mode"},"sceneLighting":true,"audioPlay":false,"sceneViewState":{"showFog":true,"showMaterialUpdate":false,"showSkybox":true,"showFlares":true,"showImageEffects":true,"showParticleSystems":true},"in2DMode":false,"pivot":{"x":-82.3790283203125,"y":-48.663753509521487,"z":-15.737955093383789},"rotation":{"x":0.05294080078601837,"y":-0.5715227723121643,"z":0.036262147128582,"w":0.8182634711265564},"size":189.3839874267578,"orthographic":false}