{"cameraMode":{"drawMode":2,"name":"Shaded Wireframe","section":"Shading Mode"},"sceneLighting":true,"audioPlay":false,"sceneViewState":{"showFog":true,"showMaterialUpdate":false,"showSkybox":true,"showFlares":true,"showImageEffects":true,"showParticleSystems":true},"in2DMode":false,"pivot":{"x":13657.2568359375,"y":-2346.850830078125,"z":839.019287109375},"rotation":{"x":0.15197105705738069,"y":-0.8449434638023377,"z":0.3997439742088318,"w":0.3212226629257202},"size":6636.998046875,"orthographic":false}